model_type,model_parameters,num_true_positives,num_false_positives,num_true_negatives,num_false_negatives,accuracy,precision,recall,f1_score,roc_auc
Logistic Regression,"{'C': 0.1, 'penalty': 'l1', 'solver': 'liblinear'}",19544,467,19499,421,0.9777616388269765,0.9766628354405077,0.9789130979213624,0.9777866720032019,0.9960207258424971
Naive Bayes,{},19110,219,19747,855,0.9731036037164108,0.9886698742821667,0.9571750563486101,0.9726675828370744,0.9900439612856508
Random Forest,"{'max_depth': None, 'n_estimators': 100}",19892,95,19871,73,0.9957927424807793,0.9952469104918197,0.996343601302279,0.9957949539447337,0.9997095111777675
Gradient Boosting,"{'learning_rate': 0.1, 'n_estimators': 1000}",19899,97,19869,66,0.9959179584783752,0.9951490298059612,0.996694214876033,0.9959210229974225,0.9999209888967519
MLP,"{'activation': 'relu', 'hidden_layer_sizes': (100,), 'learning_rate': 'constant'}",19842,91,19875,123,0.9946407553028975,0.9954347062659911,0.993839218632607,0.994636322622688,0.9998606270780538
